1947,jul,NULL
1947,may,NULL
1947,oct,NULL
1947,apr,NULL
1947,mar,NULL
1947,aug,NULL
1947,jan,NULL
1947,dec,NULL
1947,feb,NULL
1947,sep,NULL
1947,nov,NULL
1947,jun,NULL
1948,jul,NULL
1948,may,NULL
1948,oct,NULL
1948,apr,NULL
1948,mar,NULL
1948,aug,NULL
1948,jan,NULL
1948,dec,NULL
1948,feb,NULL
1948,sep,NULL
1948,nov,NULL
1948,jun,NULL
1949,jul,NULL
1949,may,NULL
1949,oct,NULL
1949,apr,NULL
1949,mar,NULL
1949,aug,NULL
1949,jan,NULL
1949,dec,NULL
1949,feb,NULL
1949,sep,NULL
1949,nov,NULL
1949,jun,NULL
1950,jul,NULL
1950,may,NULL
1950,oct,NULL
1950,apr,NULL
1950,mar,NULL
1950,aug,NULL
1950,jan,NULL
1950,dec,NULL
1950,feb,NULL
1950,sep,NULL
1950,nov,NULL
1950,jun,NULL
1951,jul,NULL
1951,may,NULL
1951,oct,NULL
1951,apr,NULL
1951,mar,NULL
1951,aug,NULL
1951,jan,NULL
1951,dec,NULL
1951,feb,NULL
1951,sep,NULL
1951,nov,NULL
1951,jun,NULL
1952,jul,NULL
1952,may,NULL
1952,oct,NULL
1952,apr,NULL
1952,mar,NULL
1952,aug,NULL
1952,jan,NULL
1952,dec,NULL
1952,feb,NULL
1952,sep,NULL
1952,nov,NULL
1952,jun,NULL
1953,jul,NULL
1953,may,NULL
1953,oct,NULL
1953,apr,NULL
1953,mar,NULL
1953,aug,NULL
1953,jan,NULL
1953,dec,NULL
1953,feb,NULL
1953,sep,NULL
1953,nov,NULL
1953,jun,NULL
1954,jul,NULL
1954,may,NULL
1954,oct,NULL
1954,apr,NULL
1954,mar,NULL
1954,aug,NULL
1954,jan,NULL
1954,dec,NULL
1954,feb,NULL
1954,sep,NULL
1954,nov,NULL
1954,jun,NULL
1955,jul,NULL
1955,may,NULL
1955,oct,NULL
1955,apr,NULL
1955,mar,NULL
1955,aug,NULL
1955,jan,NULL
1955,dec,NULL
1955,feb,NULL
1955,sep,NULL
1955,nov,NULL
1955,jun,NULL
1956,jul,13.1
1956,may,17.6
1956,oct,18.5
1956,apr,15.3
1956,mar,13.2
1956,aug,17.1
1956,jan,9.4
1956,dec,12
1956,feb,9.1
1956,sep,17
1956,nov,17.3
1956,jun,15.5
1957,jul,16.6
1957,may,16
1957,oct,13.4
1957,apr,15.2
1957,mar,19.3
1957,aug,11
1957,jan,10.6
1957,dec,11.5
1957,feb,16
1957,sep,16.6
1957,nov,13.4
1957,jun,12.4
1958,jul,14.3
1958,may,10.2
1958,oct,18.9
1958,apr,14.3
1958,mar,13.6
1958,aug,20.2
1958,jan,11.4
1958,dec,15.1
1958,feb,10.8
1958,sep,25
1958,nov,15.2
1958,jun,16.3
1959,jul,9.1
1959,may,16.8
1959,oct,17.2
1959,apr,16.8
1959,mar,18
1959,aug,11.3
1959,jan,15.5
1959,dec,13.3
1959,feb,14
1959,sep,15
1959,nov,16.4
1959,jun,9.2
1960,jul,13
1960,may,12.3
1960,oct,16
1960,apr,13.2
1960,mar,20
1960,aug,17
1960,jan,11.1
1960,dec,9.5
1960,feb,13.4
1960,sep,18.3
1960,nov,16.1
1960,jun,13.5
1961,jul,11.4
1961,may,14
1961,oct,21.5
1961,apr,11.8
1961,mar,14.3
1961,aug,8.9
1961,jan,14.7
1961,dec,11.9
1961,feb,13.8
1961,sep,9.6
1961,nov,14.5
1961,jun,11.7
1962,jul,13.7
1962,may,10.8
1962,oct,19
1962,apr,15.3
1962,mar,11.1
1962,aug,12.3
1962,jan,11.1
1962,dec,10.6
1962,feb,16.1
1962,sep,18
1962,nov,13.1
1962,jun,16
1963,jul,15.6
1963,may,12.7
1963,oct,11.5
1963,apr,14.3
1963,mar,15.4
1963,aug,13.8
1963,jan,10.3
1963,dec,12.1
1963,feb,13.8
1963,sep,15
1963,nov,17
1963,jun,13
1964,jul,9.1
1964,may,14
1964,oct,21.5
1964,apr,12.6
1964,mar,15.4
1964,aug,9.7
1964,jan,12.3
1964,dec,10.1
1964,feb,13.2
1964,sep,19.7
1964,nov,13.8
1964,jun,11.3
1965,jul,13.2
1965,may,13.7
1965,oct,12
1965,apr,14.9
1965,mar,15.2
1965,aug,9.5
1965,jan,9.8
1965,dec,10
1965,feb,10.7
1965,sep,14.4
1965,nov,18.8
1965,jun,12.9
1966,jul,10.4
1966,may,10
1966,oct,11.4
1966,apr,15.2
1966,mar,10.5
1966,aug,16.9
1966,jan,10.4
1966,dec,11.6
1966,feb,12.4
1966,sep,12.7
1966,nov,12.3
1966,jun,7.9
1967,jul,12.4
1967,may,11.9
1967,oct,13.7
1967,apr,12.2
1967,mar,15.8
1967,aug,12.4
1967,jan,8.9
1967,dec,9.6
1967,feb,11.8
1967,sep,14.6
1967,nov,13.4
1967,jun,10.3
1968,jul,14.5
1968,may,11.6
1968,oct,17.1
1968,apr,13.2
1968,mar,12.9
1968,aug,17.5
1968,jan,13.5
1968,dec,11.2
1968,feb,14.6
1968,sep,20
1968,nov,11.1
1968,jun,12.4
1969,jul,11.5
1969,may,12.7
1969,oct,16.3
1969,apr,12.2
1969,mar,14.6
1969,aug,12.7
1969,jan,11.1
1969,dec,14
1969,feb,13.5
1969,sep,17.4
1969,nov,16.7
1969,jun,17.2
1970,jul,NULL
1970,may,NULL
1970,oct,NULL
1970,apr,NULL
1970,mar,NULL
1970,aug,NULL
1970,jan,NULL
1970,dec,NULL
1970,feb,NULL
1970,sep,NULL
1970,nov,NULL
1970,jun,NULL
1971,jul,NULL
1971,may,NULL
1971,oct,NULL
1971,apr,NULL
1971,mar,NULL
1971,aug,NULL
1971,jan,NULL
1971,dec,NULL
1971,feb,NULL
1971,sep,NULL
1971,nov,NULL
1971,jun,NULL
1972,jul,NULL
1972,may,NULL
1972,oct,NULL
1972,apr,NULL
1972,mar,NULL
1972,aug,NULL
1972,jan,NULL
1972,dec,NULL
1972,feb,NULL
1972,sep,NULL
1972,nov,NULL
1972,jun,NULL
1973,jul,NULL
1973,may,NULL
1973,oct,NULL
1973,apr,NULL
1973,mar,NULL
1973,aug,NULL
1973,jan,NULL
1973,dec,NULL
1973,feb,NULL
1973,sep,NULL
1973,nov,NULL
1973,jun,NULL
1974,jul,NULL
1974,may,NULL
1974,oct,NULL
1974,apr,NULL
1974,mar,NULL
1974,aug,NULL
1974,jan,NULL
1974,dec,NULL
1974,feb,NULL
1974,sep,NULL
1974,nov,NULL
1974,jun,NULL
1975,jul,NULL
1975,may,NULL
1975,oct,NULL
1975,apr,NULL
1975,mar,NULL
1975,aug,NULL
1975,jan,NULL
1975,dec,NULL
1975,feb,NULL
1975,sep,NULL
1975,nov,NULL
1975,jun,NULL
1976,jul,NULL
1976,may,NULL
1976,oct,NULL
1976,apr,NULL
1976,mar,NULL
1976,aug,NULL
1976,jan,NULL
1976,dec,NULL
1976,feb,NULL
1976,sep,NULL
1976,nov,NULL
1976,jun,NULL
1977,jul,NULL
1977,may,NULL
1977,oct,NULL
1977,apr,NULL
1977,mar,NULL
1977,aug,NULL
1977,jan,NULL
1977,dec,NULL
1977,feb,NULL
1977,sep,NULL
1977,nov,NULL
1977,jun,NULL
1978,jul,NULL
1978,may,NULL
1978,oct,NULL
1978,apr,NULL
1978,mar,NULL
1978,aug,NULL
1978,jan,NULL
1978,dec,NULL
1978,feb,NULL
1978,sep,NULL
1978,nov,NULL
1978,jun,NULL
1979,jul,NULL
1979,may,NULL
1979,oct,NULL
1979,apr,NULL
1979,mar,NULL
1979,aug,NULL
1979,jan,NULL
1979,dec,NULL
1979,feb,NULL
1979,sep,NULL
1979,nov,NULL
1979,jun,NULL
1980,jul,NULL
1980,may,NULL
1980,oct,NULL
1980,apr,NULL
1980,mar,NULL
1980,aug,NULL
1980,jan,NULL
1980,dec,NULL
1980,feb,NULL
1980,sep,NULL
1980,nov,NULL
1980,jun,NULL
1981,jul,NULL
1981,may,NULL
1981,oct,NULL
1981,apr,NULL
1981,mar,NULL
1981,aug,NULL
1981,jan,NULL
1981,dec,NULL
1981,feb,NULL
1981,sep,NULL
1981,nov,NULL
1981,jun,NULL
1982,jul,NULL
1982,may,NULL
1982,oct,NULL
1982,apr,NULL
1982,mar,NULL
1982,aug,NULL
1982,jan,NULL
1982,dec,NULL
1982,feb,NULL
1982,sep,NULL
1982,nov,NULL
1982,jun,NULL
1983,jul,NULL
1983,may,NULL
1983,oct,NULL
1983,apr,NULL
1983,mar,NULL
1983,aug,NULL
1983,jan,NULL
1983,dec,NULL
1983,feb,NULL
1983,sep,NULL
1983,nov,NULL
1983,jun,NULL
1984,jul,12.4
1984,may,14.1
1984,oct,15.3
1984,apr,15.8
1984,mar,15.2
1984,aug,17.7
1984,jan,13.2
1984,dec,10.9
1984,feb,7.2
1984,sep,21.3
1984,nov,16.1
1984,jun,12.9
1985,jul,21.3
1985,may,14
1985,oct,19.1
1985,apr,16.9
1985,mar,13.5
1985,aug,13
1985,jan,13.6
1985,dec,14.8
1985,feb,15.9
1985,sep,20.2
1985,nov,12.3
1985,jun,10.7
1986,jul,13.1
1986,may,18.1
1986,oct,17.3
1986,apr,17
1986,mar,16.2
1986,aug,19.2
1986,jan,15.9
1986,dec,16.5
1986,feb,13.7
1986,sep,18.7
1986,nov,17.1
1986,jun,17.4
1987,jul,15
1987,may,14.2
1987,oct,20.7
1987,apr,14.9
1987,mar,19
1987,aug,18.4
1987,jan,12.2
1987,dec,16.6
1987,feb,NULL
1987,sep,17.2
1987,nov,23.8
1987,jun,11.6
1988,jul,14.3
1988,may,NULL
1988,oct,14.5
1988,apr,NULL
1988,mar,NULL
1988,aug,11.7
1988,jan,NULL
1988,dec,NULL
1988,feb,NULL
1988,sep,11
1988,nov,9.9
1988,jun,NULL
1989,jul,18
1989,may,18.9
1989,oct,19.7
1989,apr,12.2
1989,mar,18.3
1989,aug,11.8
1989,jan,12.2
1989,dec,9.4
1989,feb,14.4
1989,sep,NULL
1989,nov,13.5
1989,jun,14.7
1990,jul,11.2
1990,may,9.1
1990,oct,14.4
1990,apr,14.1
1990,mar,16.8
1990,aug,16.1
1990,jan,10.1
1990,dec,11.8
1990,feb,15.9
1990,sep,15.5
1990,nov,16
1990,jun,14.4
1991,jul,13.3
1991,may,10.4
1991,oct,NULL
1991,apr,13.2
1991,mar,13.5
1991,aug,16.9
1991,jan,17
1991,dec,10.4
1991,feb,14.8
1991,sep,13.3
1991,nov,15.6
1991,jun,15.5
1992,jul,13.8
1992,may,10.4
1992,oct,14.9
1992,apr,14
1992,mar,12.8
1992,aug,13.7
1992,jan,11.7
1992,dec,15.1
1992,feb,16.3
1992,sep,16.3
1992,nov,16.4
1992,jun,11
1993,jul,13.9
1993,may,19.9
1993,oct,17.7
1993,apr,13.9
1993,mar,14.7
1993,aug,17
1993,jan,10.9
1993,dec,10.4
1993,feb,13.3
1993,sep,13.7
1993,nov,16.5
1993,jun,13.1
1994,jul,12.4
1994,may,12.6
1994,oct,11.9
1994,apr,13.9
1994,mar,15.3
1994,aug,18.4
1994,jan,16
1994,dec,12.5
1994,feb,15.1
1994,sep,18.1
1994,nov,NULL
1994,jun,12
1995,jul,NULL
1995,may,14.1
1995,oct,19.8
1995,apr,16.6
1995,mar,17.5
1995,aug,14.4
1995,jan,17
1995,dec,21.3
1995,feb,16.8
1995,sep,15.5
1995,nov,22.8
1995,jun,12.1
